customernumber, customername, starttime, endtime, beginfootprint, afterfootprint, deltaptcount, %EGMchange, preUtilization, adjpreUtilization, postUtilization, adjpostUtilization, preTheoWin, preTheoWPUPD, adjpreTheoWPUPD, postTheoWin, postTheoWPUPD, adjpostTheoWPUPD, preActualWPUPD, adjpreActualWPUPD, postActualWPUPD, adjpostActualWPUPD, %TheoWchange, adj%TheoWchange, %ActualWchange, adj%ActualWchange, DFtheo, adjDFtheo, DFactual, adjDFactual
7CLA001, 7 Clans - Paradise Casino, 2014-9, 2014-10, 52, 53, 1, 0.019230769230769232, 0.07875, 0.08462468017716399, 0.07694444444444444, 0.08227768768288811, 852519.3433704999, 89.19432343277882, 81.75724546858129, 854717.7582963, 92.19261765681156, 84.85802858379895, 88.93366813140824, 82.20455270977192, 91.89569625714594, 84.52251447776939, 0.033615303178933895, 0.03792670725934957, 0.03330603794910399, 0.028197486533150743, 1.7479957653045624, 1.9721887774861773, 1.7319139733534075, 1.4662692997238385
7CLA002, 7 Clans - Chilocco, 2014-9, 2014-9, 34, 37, 3, 0.08823529411764706, 0.12027777777777778, 0.1270500971845832, 0.10895833333333334, 0.11918333708351408, 824405.8521947, 132.66911042721276, 121.0404921817187, 825249.3183778999, 126.33945474248316, 116.74968060350581, 131.29192146765368, 120.64945697668169, 108.20728720146968, 94.09626467737294, -0.0477100936634552, -0.03544938971142879, -0.17582676838095743, -0.2200854688010802, -0.5407143948524923, -0.4017597500628596, -1.992703374984184, -2.4943019797455754
7CLA002, 7 Clans - Chilocco, 2015-8, 2015-8, 37, 49, 6, 0.16216216216216217, 0.10430555555555555, 0.10840218235180468, 0.105, 0.12537569909154447, 786197.0391093001, 121.38289935298751, 111.10054248781844, 1019419.3205522301, 131.31770199049726, 124.18371950571041, 130.12227883279297, 117.8651274140806, 123.50968955300786, 116.13922685960067, 0.08184680618493753, 0.11775979419116218, -0.05081827139134479, -0.014643012673430942, 0.5047219714737814, 0.7261853975121667, -0.31337934024662617, -0.09029857815282413
7CLA002, 7 Clans - Chilocco, 2016-4, 2016-4, 49, 55, 6, 0.12244897959183673, 0.10590277777777778, 0.11622781170520506, 0.091875, 0.11399222133727605, 1031456.30390185, 132.0010626953993, 122.03856573232787, 999533.14144342, 114.87566273341224, 108.70195714468566, 122.28751343742, 114.07879567104939, 117.14519365590161, 111.28119211102403, -0.12973683402462438, -0.10928191844612405, -0.04205106177214038, -0.024523431752315857, -1.0595174778677658, -0.8924690006433464, -0.3434170044724798, -0.20027469264391284
7CLA004, Otoe Missouria-First Council Casino, 2014-6, 2014-8, 139, 142, 3, 0.02158273381294964, 0.10715277777777778, 0.1049532560034182, 0.09576388888888888, 0.11318680252429143, 2014806.129924, 116.92236130013927, 105.70238752265553, 2017735.7491438, 110.9743564593444, 104.60354940716643, 112.73386722376974, 101.85059542827298, 106.82477175228247, 99.09769228859312, -0.05087140538948199, -0.0103955846338247, -0.05241632897909972, -0.02702883697541618, -2.357041783045999, -0.4816620880338778, -2.428623242698287, -1.252336113194283
7CLA004, Otoe Missouria-First Council Casino, 2015-3, 2015-3, 142, 143, 1, 0.007042253521126761, 0.09576388888888888, 0.11318680252429143, 0.0901388888888889, 0.10058028788760963, 2017735.7491438, 110.9743564593444, 104.60354940716643, 2018213.2927516, 105.98189847984037, 98.34190926848711, 106.82477175228247, 99.09769228859312, 105.31245181956625, 96.93992847013811, -0.04498749205482468, -0.05986068516954478, -0.014157015343062608, -0.021774107636847406, -6.3882238717851045, -8.500217294075359, -2.0102961787148903, -3.0919232844323314
7CLA004, Otoe Missouria-First Council Casino, 2016-4, 2016-4, 136, 148, 12, 0.08823529411764706, 0.09743055555555556, 0.10253239783181489, 0.08090277777777778, 0.09472389442560905, 2109562.6950163, 117.60956096428053, 107.52941666192785, 2030950.4744447798, 100.5869186491397, 93.96398096386855, 113.57661927858616, 103.82180117419412, 94.48064484176118, 88.48904895334903, -0.1447385924713282, -0.1261555778797628, -0.16813297101215408, -0.1476833579020607, -1.6403707146750528, -1.429763215970645, -1.9055070048044127, -1.673744722890021
ABSE001, Absentee Shawnee-Thunderbird, 2015-3, 2015-4, 2, 13, 10, 5.0, 0.0, 0.0, 0.12118055555555556, 0.16884387206861415, 0.0, 0.0, 0.0, 294669.1714948, 123.18945296605352, 120.07561964704013, 0.0, 0.0, 121.07183528428092, 116.64521668270487, 0, 0, 0, 0, 0, 0, 0, 0
BKFT001, Blackfeet Nation-Glacier Peaks Casino, 2014-2, 2014-2, 16, 20, 4, 0.25, 0.07097222222222223, 0.1125673228812127, 0.06652777777777778, 0.09153629590279777, 194150.04707916002, 65.99253809624746, 66.5620386803501, 218298.49115950998, 62.855885735534116, 61.83231251506766, 71.01835486063902, 72.98111964034669, 57.131298589116035, 55.796633949832994, -0.0475304095159768, -0.07105741138723125, -0.1955417905522295, -0.23546481302560712, -0.1901216380639072, -0.284229645548925, -0.782167162208918, -0.9418592521024285
BKFT001, Blackfeet Nation-Glacier Peaks Casino, 2015-3, 2015-3, 20, 22, 2, 0.1, 0.07375, 0.11327895623701974, 0.06569444444444444, 0.09771337576414946, 238267.79921356, 69.58755818153037, 70.45351259044978, 246241.258642, 61.591110215607806, 61.84261071453226, 68.30991530373832, 68.18524288145152, 63.48248874437219, 64.47279625606804, -0.11491203564094804, -0.12222104419368228, -0.07066948535803477, -0.05444648238384992, -1.1491203564094803, -1.2222104419368227, -0.7066948535803477, -0.5444648238384991
BKFT001, Blackfeet Nation-Glacier Peaks Casino, 2016-1, 2016-1, 22, 26, 4, 0.18181818181818182, 0.06736111111111111, 0.11172002520831603, 0.064375, 0.0794610097758601, 251725.4044775, 62.66502476412746, 64.64438395720688, 264368.15054129995, 60.23425621811346, 58.13333837737525, 62.67276823500125, 64.00169204990291, 51.5782319434951, 50.157451855960346, -0.038789876093777466, -0.10072097808437304, -0.17702323678930967, -0.2163105341519415, -0.21334431851577607, -0.5539653794640517, -0.9736278023412032, -1.1897079378356783
CAFIR01, Fort Independence, 2015-10, 2015-10, 2, 5, 3, 1.5, 0.021666666666666667, 0.03232370887519997, 0.014652777777777778, 0.019579994382652097, 8305.816118456, 21.74297413208377, 21.7709318361911, 10970.178639329999, 14.905134020828802, 14.642487429062498, 34.10471204188482, 30.931660802034028, 25.058423913043477, 23.530011701769016, -0.31448504099377567, -0.32742945780936067, -0.2652503887947031, -0.23929038752999282, -0.20965669399585043, -0.21828630520624046, -0.17683359252980205, -0.1595269250199952
CHER006, Cherokee Casino - Catoosa Smoke Shop, 2014-7, 2014-7, 9, 12, 1, 0.1111111111111111, 0.2740972222222222, 0.3373191256015961, 0.2598611111111111, 0.4035425272332931, 557744.2375634, 342.3844306712093, 326.43254681878454, 702534.1751843, 318.17670977549824, 318.60165693727356, 382.35420503376304, 367.56785455610805, 326.1897644927536, 332.6195416624456, -0.07070333440178439, -0.023989304858924552, -0.1468911281779938, -0.09507989466561931, -0.6363300096160596, -0.21590374373032098, -1.3220201536019442, -0.8557190519905739
CHER007, Cherokee Casino - Tahlequah, 2016-2, 2016-3, 42, 43, 1, 0.023809523809523808, 0.18472222222222223, 0.2860982160152796, 0.17131944444444444, 0.23761184631618956, 1594186.8204460999, 215.72216785468197, 216.82960722523683, 1274569.9085131, 204.58586011446226, 199.93658116865168, 207.50365358592694, 207.19882761388362, 205.49117174959872, 201.92731765020866, -0.051623381365801566, -0.0779092222356752, -0.009698536876580125, -0.025441794359466415, -2.168182017363666, -3.2721873338983585, -0.4073385488163653, -1.0685553630975895
CHER008, Cherokee Casino - Sallisaw, 2015-5, 2015-5, 20, 23, 3, 0.15, 0.32729166666666665, 0.4076764952029607, 0.27881944444444445, 0.43959156314287257, 1371013.8460143, 376.1354858749794, 360.539846142963, 1311063.7194329002, 319.22661783123937, 322.33833111960064, 345.79890260631004, 336.5363459003018, 339.1251521792062, 342.2938367397614, -0.1512988542183321, -0.10595643014784692, -0.019299513031427507, 0.017108080329502468, -1.008659028122214, -0.7063762009856461, -0.1286634202095167, 0.1140538688633498
CHER010, Cherokee Casino - West Siloam Springs, 2014-11, 2015-2, 93, 108, 15, 0.16129032258064516, 0.24770833333333334, 0.3259190046177592, 0.26305555555555554, 0.30187362514087746, 4870414.021567, 284.78622509455033, 273.8810577357619, 5760888.982468, 303.23660293020316, 282.51277633629854, 289.5592328382645, 278.5963989396562, 290.9057795557427, 271.04675799310456, 0.06478676357863594, 0.03151630372650476, 0.004650332521879261, -0.027098846127536873, 0.40167793418754283, 0.19540108310432952, 0.02883206163565142, -0.1680128459907286
CHER012, Cherokee Casino - Ramona, 2015-2, 2015-3, 46, 47, 1, 0.021739130434782608, 0.1820138888888889, 0.2625738713113787, 0.16479166666666667, 0.22261500915465382, 1625358.9152004002, 219.25791382711455, 217.01587033010927, 1461408.9452991001, 200.0012242095388, 195.47749654546323, 203.10535545663024, 199.36655889643868, 207.68523333789517, 204.1801106110579, -0.08782665711559992, -0.09924792021838487, 0.022549271883886345, 0.024144228306210727, -4.040026227317597, -4.565404330045704, 1.0372665066587718, 1.1106345020856936
CHER013, Cherokee Casino - Ft. Gibson, 2015-2, 2015-2, 44, 46, 2, 0.045454545454545456, 0.1836111111111111, 0.2742213731414377, 0.19340277777777778, 0.2519000348336527, 1780012.8762067, 218.647939590554, 217.62625445257345, 1936245.353589, 231.85790367488923, 223.66569853502574, 212.45571797076525, 215.36945119111903, 233.9991617770327, 226.97055878565442, 0.060416595322473995, 0.02775144983147448, 0.10140204279760505, 0.05386607771146039, 1.3291650970944278, 0.6105318962924385, 2.230844941547311, 1.1850537096521285
CHER013, Cherokee Casino - Ft. Gibson, 2015-10, 2015-12, 46, 49, 3, 0.06521739130434782, 0.1907638888888889, 0.2717378535174267, 0.19604166666666667, 0.2340725836176705, 1900117.130872, 228.62677546288052, 225.69135140993865, 1969718.31093898, 241.65357759035456, 229.09129204713778, 230.59860425941523, 225.87568443701122, 241.79464114832538, 230.00527582383117, 0.05697846239181663, 0.015064558814323337, 0.04855205834773837, 0.01828258494097248, 0.8736697566745216, 0.2309899018196245, 0.7444648946653216, 0.2803329690949114
CHEY001, Cheyenne-Arapaho - Lucky Star Casino - Concho, 2015-6, 2015-6, 85, 86, 1, 0.011764705882352941, 0.0973611111111111, 0.1060265798650226, 0.08875, 0.1265474103862024, 1604869.2102708002, 103.90192996703355, 96.2564786861647, 1534083.3097138, 96.97113209316055, 95.65668429908342, 107.70736760326298, 98.95023735817686, 106.95442477876107, 107.20885773768647, -0.0667051889803398, -0.0062312105664788404, -0.00699063435730189, 0.08346236047535006, -5.669941063328882, -0.5296528981507015, -0.5942039203706607, 7.0943006404047555
CHEY003, Cheyenne-Arapaho - Feather Warrior Casino - Watonga, 2015-3, 2015-3, 15, 16, 1, 0.06666666666666667, 0.1220138888888889, 0.18197505807162617, 0.10902777777777778, 0.1601964573515433, 334850.06225609995, 122.6107880835225, 122.83707859941413, 319070.4006554, 110.1762433202348, 109.91020711940608, 100.83852068839253, 103.95266155811426, 107.98653314917127, 105.10979954378108, -0.10141476910512373, -0.10523590781708562, 0.07088573307086936, 0.011131393543203595, -1.521221536576856, -1.5785386172562843, 1.0632859960630403, 0.16697090314805393
CHIC001, Chickasaw Nation - Chisholm Trail Casino, 2014-11, 2014-12, 20, 22, 2, 0.1, 0.19944444444444445, 0.30608128203001833, 0.19152777777777777, 0.23499112355106264, 904364.4689850999, 247.70322349632974, 248.29109989783618, 927867.9725532999, 238.22027536670086, 227.95981105799743, 241.75102711585868, 243.3504938539304, 251.03971758664957, 240.638121661181, -0.03828350715738421, -0.0818848877313944, 0.038422548113267424, -0.011145948996419474, -0.3828350715738421, -0.8188488773139441, 0.38422548113267424, -0.11145948996419473
CHIC001, Chickasaw Nation - Chisholm Trail Casino, 2015-4, 2015-4, 22, 23, 1, 0.045454545454545456, 0.21333333333333335, 0.2897310626666893, 0.1465972222222222, 0.2234785579690546, 973266.2065503999, 264.33085457642585, 258.5651754745519, 741947.4899646, 183.332713112083, 183.42720668724982, 281.8669337316676, 276.2581391280554, 181.5004966641957, 179.888990370467, -0.3064271161009086, -0.29059585711571273, -0.3560773721795228, -0.3488373195510373, -6.741396554219989, -6.3931088565456795, -7.833702187949501, -7.67442103012282
CHIC001, Chickasaw Nation - Chisholm Trail Casino, 2016-2, 2016-3, 23, 40, 4, 0.17391304347826086, 0.13680555555555557, 0.22223423273665416, 0.116875, 0.16878080346530547, 687551.8805597001, 170.14399419938135, 173.2236080397674, 1031457.31023938, 152.42460621241023, 150.4306131904389, 173.28934174709232, 174.898860559807, 144.38640756612972, 140.8799188222285, -0.10414348193922648, -0.13158134221575546, -0.16679002810885554, -0.19450636572869873, -0.5988250211505523, -0.7565927177405939, -0.9590426616259194, -1.1184116029400177
CHIC002, Chickasaw Nation - Goldsby, 2014-11, 2014-11, 7, 9, 2, 0.2857142857142857, 0.19340277777777778, 0.29241300356660954, 0.21215277777777777, 0.24806194561346548, 308947.2112836, 244.4202620914557, 243.74633125443037, 392381.14447120007, 268.20310626876284, 252.84350899706084, 245.9003164556962, 246.22307320557755, 267.1437115516063, 254.93618737638414, 0.09730307943294905, 0.03732231658959631, 0.08639027148115735, 0.035387074238699814, 0.3405607780153217, 0.1306281080635871, 0.30236595018405077, 0.12385475983544936
CHIC002, Chickasaw Nation - Goldsby, 2016-2, 2016-2, 9, 16, 1, 0.1111111111111111, 0.18048611111111112, 0.27429823004602766, 0.15125, 0.1972876345080477, 335955.5330992, 229.3211830028669, 228.65988437822526, 585728.81139595, 212.45150939280015, 205.0609542012405, 232.94752218430037, 228.23558525644367, 166.18436343852014, 158.7441627603591, -0.07356352077538272, -0.10320537964564823, -0.2866017123503011, -0.30447233904390747, -0.6620716869784445, -0.9288484168108341, -2.5794154111527097, -2.7402510513951674
CHIC003, Chickasaw Nation - New Castle Casino, 2015-7, 2015-12, 116, 144, 22, 0.1896551724137931, 0.17847222222222223, 0.20700283633348177, 0.1607638888888889, 0.18329324350788406, 4727819.547842001, 225.5531486017843, 212.5047997948094, 5381115.7080882, 211.96343435964076, 198.52156558715484, 222.32831544296548, 209.08183705376655, 210.29715720644424, 196.86243619341, -0.06025060756804722, -0.06580196880802931, -0.054114376805988185, -0.05844314854194758, -0.3176850217224308, -0.3469558355332455, -0.28533035043157406, -0.3081547832211782
CHIC006, Chickasaw Nation - Gold Mountain, 2014-10, 2014-10, 13, 14, 1, 0.07692307692307693, 0.2771527777777778, 0.41988665329194025, 0.2751388888888889, 0.3570438570856181, 767473.1862918, 343.69600819158086, 344.7758887237797, 784367.1519506, 339.5528796322944, 330.09736319835497, 318.5373936408419, 317.62195393470665, 330.1187748917749, 315.1031551424935, -0.012054631012697256, -0.042574106848824816, 0.03635799589668029, -0.007930178506272065, -0.15671020316506432, -0.5534633890347226, 0.47265394665684374, -0.10309232058153685
CHIC007, Chickasaw Nation - Treasure Valley, 2015-4, 2015-4, 12, 14, 2, 0.16666666666666666, 0.1520138888888889, 0.1930127570196468, 0.13743055555555556, 0.19022683429610937, 428699.01178675, 196.38067420373338, 188.42054688039397, 456098.7575761, 178.79214330697766, 173.78281184296355, 195.19857993586808, 185.15321536163992, 185.5926499411995, 179.7735710690043, -0.08956345102730755, -0.07768651179386606, -0.049211064946397515, -0.029055095166066306, -0.5373807061638454, -0.46611907076319636, -0.2952663896783851, -0.17433057099639784
CHIC008, Chickasaw Nation - Texoma, 2014-2, 2014-2, 27, 28, 1, 0.037037037037037035, 0.13923611111111112, 0.1954904143454249, 0.14368055555555556, 0.16546546593601433, 757670.6590549, 151.7769749709335, 147.90771167560095, 943315.0273998, 182.6360169215489, 170.07063338596322, 112.83353365384616, 113.1142352451917, 189.79651500484027, 172.33181670677638, 0.20331833571281246, 0.14984290852238433, 0.68209315846744, 0.5235201505205944, 5.489595064245937, 4.0457585301043775, 18.41651527862088, 14.13504406405605
CHIC008, Chickasaw Nation - Texoma, 2014-11, 2014-11, 28, 29, 1, 0.03571428571428571, 0.13729166666666667, 0.18172608108141455, 0.13923611111111112, 0.15173793458659635, 911720.8463802001, 176.65585087777563, 169.58374819257895, 940181.1012135001, 178.13207677406217, 165.1685389918719, 163.34353807401666, 155.88781084832397, 177.2872906403941, 163.86017423950358, 0.00835650723681892, -0.02603556795839385, 0.0853645802630958, 0.05114167264133678, 0.23398220263092975, -0.7289959028350278, 2.3902082473666826, 1.4319668339574299
CHIC009, Chickasaw Nation - Ada Travel Stop, 2014-9, 2014-9, 5, 7, 2, 0.4, 0.21229166666666666, 0.2997628265719697, 0.19215277777777778, 0.28377288926308336, 266027.9756124, 262.8734936881423, 259.54694414565216, 278579.51481890003, 244.7974646914763, 245.12371705659052, 263.92687747035575, 259.6615668584981, 256.5604569420035, 251.12110375852373, -0.06876322425307099, -0.055570783684386726, -0.027910838785942315, -0.03289074776564238, -0.17190806063267747, -0.13892695921096682, -0.06977709696485579, -0.08222686941410595
CHIC009, Chickasaw Nation - Ada Travel Stop, 2015-3, 2015-3, 7, 8, 1, 0.14285714285714285, 0.18965277777777778, 0.30753106661823065, 0.17027777777777778, 0.25969923965785324, 258601.55890300003, 241.4580381914099, 247.6078920379085, 313646.698797, 214.23954835860656, 215.6545728030738, 257.296918767507, 256.24252875336134, 209.36680327868854, 215.191380034153, -0.11272554865714005, -0.1290480645501505, -0.18628328593444227, -0.16020427568727633, -0.7890788405999803, -0.9033364518510535, -1.303983001541096, -1.1214299298109343
CHIC012, Chickasaw Nation - Madill Gaming Ctr, 2014-12, 2014-12, 3, 5, 2, 0.6666666666666666, 0.23354166666666668, 0.38252231701110606, 0.238125, 0.2940356174676975, 163541.89785442, 297.8905243249909, 304.9554883702003, 236045.76793862, 305.75876675987047, 293.93806591134717, 295.20582877959924, 297.82296587542805, 230.47683937823837, 218.62556009576426, 0.026413201469595964, -0.036127969093897976, -0.21926731483912384, -0.2659210835096918, 0.03961980220439395, -0.05419195364084697, -0.3289009722586858, -0.3988816252645377
CHIC013, Chickasaw Nation - Riverwind Casino, 2015-7, 2015-7, 126, 128, 2, 0.015873015873015872, 0.12527777777777777, 0.13528314869017996, 0.10708333333333334, 0.15244807959936774, 3632732.156603, 163.3569636029769, 150.2911677613994, 3499526.5945081, 143.54676543369703, 141.22131455992044, 165.7583923914021, 153.1157758767875, 141.0379954058821, 137.8332213730957, -0.12126938290446317, -0.06034854433946619, -0.14913511544651212, -0.09981045007399943, -7.63997112298118, -3.8019582933863703, -9.395512273130263, -6.288058354661964
CHIC014, Chickasaw Nation - Black Gold Casino, 2014-6, 2014-6, 9, 10, 1, 0.1111111111111111, 0.15034722222222222, 0.18852566856474498, 0.1388888888888889, 0.21828674829548445, 292771.0449495, 176.5808473760555, 169.76967498305186, 297576.04999031004, 176.28912914117893, 177.80499223680687, 178.56815440289506, 175.74275568099517, 195.71741706161137, 196.1176140778732, -0.0016520378014456864, 0.047330698221323554, 0.09603763177180642, 0.11593569429320937, -0.014868340213011179, 0.425976283991912, 0.8643386859462578, 1.0434212486388843
CHIC014, Chickasaw Nation - Black Gold Casino, 2014-10, 2015-2, 10, 14, 4, 0.4, 0.13722222222222222, 0.19672477631020488, 0.11541666666666667, 0.1510989491327396, 286803.31175719, 174.24259523523085, 171.76007134285544, 289380.75930319994, 147.2675619863613, 142.1254100273283, 220.2442284325638, 221.57934153821384, 152.0312213740458, 150.23049869109417, -0.15481308237203847, -0.17253521778279024, -0.30971529898411854, -0.32200133077304394, -0.38703270593009614, -0.4313380444569756, -0.7742882474602963, -0.8050033269326098
CHIC015, Chickasaw Nation - Border Casino, 2014-9, 2014-10, 39, 41, 2, 0.05128205128205128, 0.29881944444444447, 0.35223935931626016, 0.29756944444444444, 0.33403464893695184, 2767997.3861399996, 385.085891227045, 361.5751229472732, 2537410.5019282, 390.43091274476075, 365.087810226204, 401.9456037840846, 377.7789407657206, 371.64035697799665, 345.8217830945222, 0.01388007621023003, 0.009714958402829712, -0.07539638826941168, -0.08459221577154206, 0.2706614860994856, 0.18944168885517937, -1.4702295712535278, -1.6495482075450703
CHIC015, Chickasaw Nation - Border Casino, 2016-1, 2016-2, 41, 51, 4, 0.0975609756097561, 0.29215277777777776, 0.4116929953831759, 0.2931944444444444, 0.3465150941065477, 2522217.3253502, 382.26997959233097, 376.70386078149437, 3600444.9773442005, 415.3720555311722, 391.16026060477617, 375.2559775689602, 369.54791848881484, 343.26374596215965, 336.0103530201661, 0.08659344888694288, 0.038376033081506375, -0.08525442236538759, -0.09075295459867083, 0.8875828510911645, 0.3933543390854403, -0.8738578292452228, -0.9302177846363759
CHIC018, Chickasaw Nation - Washita Gaming Center, 2014-4, 2014-4, 14, 15, 1, 0.07142857142857142, 0.19743055555555555, 0.26884604613755886, 0.14298611111111112, 0.21641913487428563, 580061.89122636, 227.65380346403452, 222.49914052309657, 499068.70914431004, 186.01144582344764, 185.9918485283377, 207.21507064364206, 205.96815138444268, 202.5624301155423, 208.34697385383896, -0.18291966576857863, -0.1640783506351083, -0.022453195675623136, 0.011549467494885533, -2.560875320760101, -2.2970969088915165, -0.31434473945872393, 0.16169254492839746
CHIC018, Chickasaw Nation - Washita Gaming Center, 2015-4, 2015-6, 15, 23, 8, 0.5333333333333333, 0.14395833333333333, 0.19189345369173538, 0.09569444444444444, 0.14963966916378416, 452511.98478129995, 186.60288032218554, 180.76614901426393, 484076.89052559994, 123.26887968566334, 124.65437000353961, 183.21948041237113, 178.20822910023918, 112.19823529411765, 110.40565015158134, -0.3394052681671941, -0.3104108779033437, -0.3876293337280857, -0.3804682830360208, -0.6363848778134888, -0.5820203960687694, -0.7268050007401607, -0.713378030692539
CHIC020, Chickasaw Nation - Tishomingo Gaming Center, 2015-12, 2015-12, 5, 6, 1, 0.2, 0.12590277777777778, 0.21125061059678094, 0.12743055555555555, 0.154455928888533, 126638.29132520102, 151.8444740110324, 156.2324465921355, 119591.88695498, 157.15096840339027, 148.72926971411303, 123.40707434052757, 129.47934937611032, 185.759185282523, 172.57028509293036, 0.034946904896732224, -0.048025727316493017, 0.505255563955288, 0.3328016083217249, 0.1747345244836611, -0.24012863658246508, 2.52627781977644, 1.6640080416086245
CHIC021, Chickasaw Nation - Salt Creek Casino, 2014-8, 2014-8, 17, 19, 2, 0.11764705882352941, 0.19555555555555557, 0.22306474802077692, 0.17993055555555557, 0.2491593240386811, 739153.2052709, 240.21878624338643, 225.96105736724084, 778045.99751, 230.05499630691898, 225.45608096924894, 246.26811829704258, 233.30650354445888, 224.71200473092844, 224.20529867123003, -0.04231055403872384, -0.002234793923676808, -0.0875310767596546, -0.03900964925949665, -0.3596397093291526, -0.018995748351252867, -0.7440141524570641, -0.3315820187057215
CHIC021, Chickasaw Nation - Salt Creek Casino, 2015-12, 2015-12, 19, 27, 8, 0.42105263157894735, 0.16569444444444445, 0.23288216142320284, 0.11465277777777778, 0.12465749442869971, 717343.6891637, 210.85940304635508, 206.0016195595238, 897405.7094894199, 151.30765629563646, 139.44975605677965, 216.01248677248677, 216.8809792797766, 157.60979261507333, 146.41892875029168, -0.2824239559173315, -0.32306475864144407, -0.27036721362744903, -0.3248881057411163, -0.6707568953036623, -0.7672788017734297, -0.6421221323651914, -0.7716092511351513
CHIC022, Chickasaw Nation - Artesian Casino, 2015-6, 2015-6, 7, 8, 1, 0.14285714285714285, 0.16701388888888888, 0.18375349988643247, 0.15361111111111111, 0.22614560132991773, 274867.32958146004, 215.5822192795765, 199.98999720061957, 295913.37954900996, 201.02811110666437, 199.97364680937497, 183.73553725490197, 173.00416662006978, 182.2755706521739, 185.38463045703804, -0.06751070761563001, -8.175604516959164e-05, -0.007946021899414062, 0.07156165125292441, -0.4725749533094101, -0.0005722923161871415, -0.05562215329589843, 0.5009315587704709
CHOC005, Choctaw - Idabel, 2014-3, 2014-5, 35, 41, 6, 0.17142857142857143, 0.22319444444444445, 0.29957270486249954, 0.23125, 0.3254163587048085, 1344183.3761864, 231.67586628514306, 225.84264302195797, 1440627.5746165002, 250.9366965017419, 246.32631505403236, 233.28197173388486, 227.9388873480696, 247.17000522557046, 245.4349146988852, 0.08313697289856209, 0.09069886783995365, 0.05953324806225619, 0.07675753599735097, 0.48496567524161216, 0.5290767290663962, 0.34727728036316113, 0.44775229331788063
CHOC005, Choctaw - Idabel, 2014-10, 2014-12, 41, 42, 1, 0.024390243902439025, 0.23208333333333334, 0.3004307124250783, 0.2704861111111111, 0.2933025045354593, 1485924.6169386, 247.77799181900951, 238.6851315260297, 1686415.9382254002, 299.32835254266956, 277.215726163099, 247.71885942971485, 240.50382808089046, 258.7811501597444, 230.23573338333335, 0.2080506034664904, 0.16142854978324192, 0.044656635168983806, -0.042694100877693965, 8.530074742126105, 6.618570541112918, 1.830922041928336, -1.7504581359854525
CHOC008, Choctaw - Pocola, 2015-5, 2015-10, 98, 116, 6, 0.061224489795918366, 0.31798611111111114, 0.36981568832692974, 0.27826388888888887, 0.32741180443077383, 5595118.035316001, 348.6054850664175, 329.75436934049844, 5989465.097615501, 327.97421408473883, 310.32341459329206, 352.6078504672897, 332.79654304915886, 321.62525846019054, 302.6974823278721, -0.059182290197608095, -0.058925541414562216, -0.08786699435659144, -0.09044282865895248, -0.9666440732275989, -0.9624505097711828, -1.4351609078243268, -1.477232868096224
CHOC008, Choctaw - Pocola, 2016-3, 2016-3, 116, 124, 8, 0.06896551724137931, 0.2754861111111111, 0.3745469105917704, 0.2521527777777778, 0.3289506608446484, 5722962.4263935, 322.02129340499096, 315.154491604237, 5595362.2501145005, 299.60174823915725, 289.34680599970017, 311.7314038937655, 303.0323596013504, 293.814361212251, 282.13165215533843, -0.06962131270505056, -0.0818889982280357, -0.057475898987772216, -0.06897186648154527, -1.0095090342232331, -1.1873904743065178, -0.8334005353226971, -1.0000920639824065
CHOC010, Choctaw - Durant TP 2 West, 2015-5, 2015-5, 5, 6, 1, 0.2, 0.264375, 0.33956340116552824, 0.22680555555555557, 0.36622467373912165, 269654.0770857, 294.7039093832787, 284.91564258819676, 276271.30797180004, 251.61321308907108, 255.82150080054643, 310.31348633879776, 293.74479969092897, 234.32122040072858, 245.02240001286887, -0.1462169144087118, -0.10211493311970093, -0.24488869895619503, -0.16586642462887718, -0.7310845720435589, -0.5105746655985046, -1.224443494780975, -0.8293321231443859
CHOC012, Choctaw - Durant Casino Resort, 2015-3, 2015-3, 199, 202, 3, 0.01507537688442211, 0.24784722222222222, 0.3148583853212619, 0.24791666666666667, 0.31439200520543586, 8552315.994432, 280.34865254153283, 270.0545614969186, 9893453.919700999, 291.7218234269328, 280.8381104120422, 277.61238412115654, 266.4879652435915, 281.17625906705194, 266.0526500615557, 0.040567952734194376, 0.03993100081461375, 0.01283759352875284, -0.0016335266083699206, 2.691007531368227, 2.648756387369379, 0.8515603707406051, -0.1083572650218714
CHOC012, Choctaw - Durant Casino Resort, 2015-6, 2016-2, 202, 295, 73, 0.3613861386138614, 0.26416666666666666, 0.2832805764369288, 0.22611111111111112, 0.2565193645800332, 9136514.1316, 300.2567988300634, 279.0743763252489, 12643648.270319698, 285.30018436084794, 266.61134047452447, 297.1541236977883, 274.76465799132404, 273.70435543922196, 255.30690935101654, -0.049812742051115015, -0.044658474256337066, -0.0789144971867031, -0.07081605320914998, -0.13783799855240045, -0.12357550410657654, -0.21836614290019213, -0.19595674997600407
CHOC015, Choctaw - Broken Bow, 2015-11, 2015-12, 33, 43, 10, 0.30303030303030304, 0.21097222222222223, 0.2842357943316514, 0.21722222222222223, 0.23129918047355047, 1253531.5813983, 244.44843631012088, 236.61061909102966, 1368445.8838343802, 263.31458222712723, 242.3188729991014, 235.92189352574107, 222.63245802279644, 252.10857417741005, 231.5294484154801, 0.07717842749082554, 0.024125096033308743, 0.06861033713220378, 0.03996268321204378, 0.25468881071972427, 0.07961281690991885, 0.22641411253627247, 0.13187685459974446
CHOC016, Choctaw - Broken Bow TP, 2016-4, 2016-4, 11, 12, 1, 0.09090909090909091, 0.18722222222222223, 0.2649002699729408, 0.16930555555555554, 0.2597071364140522, 283603.95519300003, 205.2127027445731, 202.30098412440665, 324025.0679718, 202.6423189317073, 203.0055233074234, 170.7349565846599, 165.17797849329955, 227.90422138836774, 220.1113199152783, -0.012525461525961864, 0.0034826285500592856, 0.33484217846952824, 0.33257061215461675, -0.1377800767855805, 0.03830891405065214, 3.6832639631648108, 3.658276733700784
CHOC018, Choctaw - Wilburton Choctaw TP, 2014-9, 2014-9, 7, 9, 2, 0.2857142857142857, 0.220625, 0.29512934667691015, 0.2503472222222222, 0.35931694783567086, 323250.3211872, 233.731251762256, 227.25759268640635, 412781.3481214, 270.3217734914211, 268.3760667671251, 223.75488069414317, 219.70524373991324, 225.24623444662737, 217.99868891321546, 0.1565495476248243, 0.18093333470032089, 0.006665122780149652, -0.007767474265284264, 0.547923416686885, 0.6332666714511231, 0.023327929730523785, -0.027186159928494925
CHOC018, Choctaw - Wilburton Choctaw TP, 2015-3, 2015-3, 9, 10, 1, 0.1111111111111111, 0.23756944444444444, 0.3715344363794212, 0.2304861111111111, 0.35414770510389293, 398987.9122755, 256.58386641511254, 260.0040348032797, 341656.59256109997, 244.91512011548386, 246.0854099103226, 211.39163987138264, 210.02503677021218, 253.94695340501792, 256.28675739598566, -0.045477318830134374, -0.05353234192495511, 0.20131029571239092, 0.22026764683483094, -0.4092958694712094, -0.48179107732459603, 1.8117926614115185, 1.9824088215134785
CHOC021, Choctaw - Stringtown, 2015-12, 2015-12, 18, 21, 3, 0.16666666666666666, 0.134375, 0.2100959996637348, 0.09659722222222222, 0.11018722545137255, 315370.87394936, 165.81013351701367, 167.697061955184, 431394.9164589, 126.95553750997647, 118.75484129592407, 153.46719242902208, 157.78715025152997, 132.8960064743967, 119.31679048480636, -0.2343318540482953, -0.29184900491780497, -0.13404288974752349, -0.24381174072411882, -1.4059911242897718, -1.7510940295068298, -0.8042573384851409, -1.462870444344713
CHOC021, Choctaw - Stringtown, 2016-3, 2016-3, 21, 25, 4, 0.19047619047619047, 0.12055555555555555, 0.1717550927676181, 0.08423611111111111, 0.11415810288096877, 417130.6113647, 160.8059411583269, 159.713975352845, 392101.2902706, 109.74007564248531, 106.671926752295, 153.83577486507323, 150.4638657331881, 121.26437727399944, 116.4102364381226, -0.3175620573966417, -0.33210649527298974, -0.21172836825271374, -0.22632430138044918, -1.667200801332369, -1.7435591001831963, -1.1115739333267471, -1.1882025822473583
CHOC022, Choctaw - McAlester, 2015-10, 2015-12, 24, 27, 3, 0.125, 0.23930555555555555, 0.34257235678403203, 0.19395833333333334, 0.23250527819609212, 910239.3307492, 274.1684731172289, 270.7378981804819, 980820.76100899, 230.3477597484711, 218.27314995233914, 281.41176506024095, 278.1741037882831, 226.81569516204792, 216.72672965029827, -0.1598313360778756, -0.19378427837675027, -0.19400777322336124, -0.2208953791929968, -1.278650688623005, -1.5502742270140022, -1.55206218578689, -1.7671630335439743
CHOC023, Choctaw - Grant, 2015-1, 2015-1, 72, 78, 6, 0.08333333333333333, 0.2565972222222222, 0.3639327735557776, 0.25298611111111113, 0.2791533732526959, 3653806.0725320005, 294.97102385823854, 291.51671227028334, 3900792.2338554002, 291.21255945169094, 272.02537816952594, 285.2346815209494, 282.54024575853714, 279.5553938036581, 259.511576224651, -0.012741808864432392, -0.0668618068204809, -0.019910929789490436, -0.08150580272931023, -0.15290170637318873, -0.8023416818457708, -0.23893115747388524, -0.9780696327517228
CHOC023, Choctaw - Grant, 2015-6, 2015-10, 78, 95, 5, 0.0641025641025641, 0.2611805555555556, 0.29135037167650796, 0.22569444444444445, 0.25309932761299997, 3937750.771595, 300.0191064072381, 281.58430638636196, 4250856.3222173, 270.01564645984246, 252.60952182362956, 291.2840380952381, 270.4000073696, 280.12753731817315, 263.8028386890491, -0.10000516402668612, -0.1028991456753136, -0.038301105855368604, -0.02439781250276919, -1.5600805588163036, -1.6052266725348923, -0.5974972513437503, -0.38060587504319937
CHOC026, Choctaw - Stigler, 2015-8, 2015-8, 13, 18, 5, 0.38461538461538464, 0.11923611111111111, 0.14115506802857017, 0.10138888888888889, 0.1503410058368578, 288630.58612087, 129.66333608305032, 122.98960343100629, 367153.23169066, 117.63961284545339, 117.27332531082024, 146.6455525606469, 135.39288184757416, 122.56346363345084, 124.2090325928036, -0.09273032455293034, -0.04647773438340029, -0.1642197019049497, -0.08260293378909968, -0.24109884383761887, -0.12084210939684074, -0.42697122495286916, -0.21476762785165915
COMA004, Comanche Nation - Star, 2015-9, 2015-9, 12, 15, 3, 0.25, 0.0, 0.0, 0.0, 0.0, 0.0, 0.0, 0.0, 0.0, 0.0, 0.0, 0.0, 0.0, 0.0, 0.0, 0, 0, 0, 0, 0, 0, 0, 0
COMA006, Comanche Nation - Spur, 2015-5, 2015-5, 12, 14, 2, 0.16666666666666666, 0.0, 0.0, 0.0, 0.0, 0.0, 0.0, 0.0, 0.0, 0.0, 0.0, 0.0, 0.0, 0.0, 0.0, 0, 0, 0, 0, 0, 0, 0, 0
COMA006, Comanche Nation - Spur, 2015-10, 2015-10, 14, 16, 2, 0.14285714285714285, 0.0, 0.0, 0.0, 0.0, 0.0, 0.0, 0.0, 0.0, 0.0, 0.0, 0.0, 0.0, 0.0, 0.0, 0, 0, 0, 0, 0, 0, 0, 0
CONF001, Kwa Taq Nuk Resort, 2016-2, 2016-2, 2, 4, 2, 1.0, 0.14833333333333334, 0.2531660977493425, 0.12465277777777778, 0.16719399070963054, 50403.61408595, 149.12311859748522, 154.01288407562132, 85389.27369376, 137.50285618962963, 133.80967862040256, 195.71597633136093, 198.47664125781068, 184.51046698872787, 162.2726862531739, -0.07792394980164769, -0.13117867103442363, -0.05725393272780832, -0.1824091478735261, -0.07792394980164769, -0.13117867103442363, -0.05725393272780832, -0.1824091478735261
CREE004, Creek Nation - Duck Creek Casino, 2014-9, 2014-9, 16, 17, 1, 0.0625, 0.25277777777777777, 0.3211091757160608, 0.25854166666666667, 0.32696320164115694, 905047.9801306999, 305.55299801846724, 293.005788720054, 962327.0962270999, 313.6659374925358, 300.49588627988925, 309.16880486158, 300.4685454769075, 292.3705997392438, 281.0325621977836, 0.02655166051939129, 0.025562967859967776, -0.0543334413375147, -0.06468558380470359, 0.42482656831026067, 0.4090074857594844, -0.8693350614002352, -1.0349693408752574
CREE004, Creek Nation - Duck Creek Casino, 2015-6, 2015-6, 17, 18, 1, 0.058823529411764705, 0.2811111111111111, 0.3315194399508093, 0.26916666666666667, 0.41461949784256263, 1057008.8538909, 343.29615261152975, 325.19346916635277, 1126303.0559214, 346.66145149935363, 351.1261014264081, 335.17050990581356, 316.9208694504709, 343.63096337334565, 344.3372216681748, 0.009802903010194871, 0.07974524312107115, 0.025242237062889476, 0.0865085100430364, 0.1666493511733128, 1.3556691330582096, 0.4291180300691211, 1.470644670731619
CREE007, Creek Nation Casino - Muscogee Bingo, 2014-6, 2014-6, 24, 26, 2, 0.08333333333333333, 0.20875, 0.2503414511458595, 0.19006944444444446, 0.295891052829732, 992596.2662433999, 248.95818064795583, 236.54504525791322, 961996.007555, 223.5120835397305, 224.8489487556459, 262.05693503887636, 252.44748908602958, 212.01812267657994, 212.92018925055763, -0.10221032722040928, -0.0494455357943121, -0.19094633902694896, -0.15657632396574067, -1.2265239266449115, -0.5933464295317452, -2.291356068323388, -1.878915887588888
CREE009, Creek Nation Casino - One Fire Casino, 2014-6, 2014-7, 29, 31, 2, 0.06896551724137931, 0.16909722222222223, 0.2159334378873131, 0.1642361111111111, 0.2650094514943556, 1050599.3514405, 198.33855983396262, 192.25235562548613, 1004167.2774997, 195.82045193051871, 199.09500134151716, 194.39059845195393, 188.72355667126675, 164.4871294851794, 171.83149774834243, -0.012696007803787206, 0.0355919993477777, -0.15383186843866606, -0.08950689156599678, -0.18409211315491447, 0.5160839905427766, -2.2305620923606577, -1.2978499277069533
CREE009, Creek Nation Casino - One Fire Casino, 2015-6, 2015-6, 30, 32, 2, 0.06666666666666667, 0.1811111111111111, 0.22457084332049193, 0.14708333333333334, 0.23508506220477296, 1059910.4870471, 213.73472213089332, 205.31492219251862, 1075797.8737317598, 182.03009707813194, 184.7694217390034, 213.30711837063924, 203.09732086384352, 165.95858883248732, 167.37742862115735, -0.1483363336414059, -0.10006822803775665, -0.22197350890034448, -0.17587574316961468, -2.2250450046210886, -1.5010234205663497, -3.3296026335051674, -2.63813614754422
CREE011, Creek Nation Casino - Holdenville, 2016-4, 2016-4, 10, 13, 3, 0.3, 0.08402777777777778, 0.12073576624664331, 0.05548611111111111, 0.08734237591274237, 200620.59169323999, 121.36756908241983, 120.38593327972171, 176791.22530341, 79.10121937512751, 79.58927069006711, 108.80626739261949, 106.3331427173043, 68.26762863534677, 70.07037584242954, -0.34825077264742405, -0.33888230525124446, -0.3725763205440363, -0.34102976690233266, -1.1608359088247469, -1.129607684170815, -1.241921068480121, -1.1367658896744424
CREE012, Creek Nation Casino - River Spirit, 2014-3, 2014-3, 146, 147, 1, 0.00684931506849315, 0.19145833333333334, 0.2853012370819235, 0.17, 0.24885713713581953, 6185977.103945, 231.70189167521912, 231.82832350902692, 5784988.057596999, 216.17234249829974, 214.84443204241245, 225.73338826878418, 224.5669600873099, 207.12932999514217, 205.64904248492212, -0.06702383422353511, -0.07326064050130246, -0.08241606798321689, -0.08424176733314925, -9.785479796636126, -10.69605351319016, -12.032745925549667, -12.299298030639791
CREE012, Creek Nation Casino - River Spirit, 2016-3, 2016-4, 161, 167, 6, 0.037267080745341616, 0.18041666666666667, 0.26712543680787537, 0.13756944444444444, 0.2022922856319996, 7640140.697471, 260.4267886106623, 260.758998453591, 5550978.45501, 196.04373847819176, 194.452300563733, 259.68363193237207, 260.49456620854215, 205.07112519865797, 203.09149008233092, -0.24722130344556495, -0.2542834505542828, -0.21030400078483394, -0.22036189453662725, -6.633771642455993, -6.823272589873255, -5.643157354393044, -5.913044170066164
EAST001, Eastern Shawnee - Bordertown Casino, 2016-4, 2016-4, 11, 17, 6, 0.5454545454545454, 0.07291666666666667, 0.07924866468206432, 0.05291666666666667, 0.06363345555639859, 176008.63155700997, 87.30586882788192, 79.8823011310268, 170605.39941967998, 64.72131996194233, 60.57890875026935, 90.19439484126984, 81.91519942655704, 60.58960546282246, 58.17365001264631, -0.25868305497839583, -0.24164792585400227, -0.3282331394378539, -0.28983081992245846, -0.4742522674603924, -0.4430211973990042, -0.6017607556360656, -0.5313565031911739
EAST004, Eastern Shawnee - The Outpost Casino, 2014-3, 2014-3, 10, 12, 2, 0.2, 0.22805555555555557, 0.31092618397611227, 0.22256944444444443, 0.2959142199451356, 406775.0828499, 222.52466239053612, 217.49215445640044, 459036.8101263, 217.55299058118484, 210.45077231971564, 232.77680525164115, 234.19657005530632, 202.26398104265402, 194.9938137799526, -0.02234211595218994, -0.03237533856926482, -0.13108189269975387, -0.1673925295579515, -0.1117105797609497, -0.16187669284632408, -0.6554094634987693, -0.8369626477897575
EAST005, Eastern Shawnee - Indigo Sky Casino, 2014-7, 2014-7, 39, 43, 4, 0.10256410256410256, 0.161875, 0.1574983441405672, 0.16409722222222223, 0.2042330843897229, 1120325.1813427, 158.70876630439156, 142.33875235612695, 1225250.5395869, 161.34455354054518, 153.20562925019752, 157.11318883694574, 139.08044821124807, 160.00105346326046, 150.66447702833815, 0.01660769784511068, 0.07634517455149528, 0.01838079061148577, 0.08329013147480807, 0.16192505398982915, 0.744365451877079, 0.17921270846198625, 0.8120787818793788
EAST005, Eastern Shawnee - Indigo Sky Casino, 2014-10, 2014-10, 43, 44, 1, 0.023255813953488372, 0.16402777777777777, 0.19354593612319257, 0.18034722222222221, 0.18590531432486307, 1179414.3113436, 161.56360429364383, 151.43103092163014, 1334679.2173380998, 177.29532642642133, 161.7292008155818, 165.4809589041096, 152.14801954869864, 177.01673751328374, 162.26319796742825, 0.09737169581946745, 0.06800567777473074, 0.06971061012438733, 0.06648248494284216, 4.1869829202371, 2.924244144313422, 2.997556235348655, 2.858746852542213
EAST005, Eastern Shawnee - Indigo Sky Casino, 2015-1, 2015-1, 44, 45, 1, 0.022727272727272728, 0.16069444444444445, 0.20595843015766513, 0.1913888888888889, 0.19704832734056094, 1193897.4305999, 158.23690266400266, 151.76482912092777, 1440131.8356573, 188.820222322971, 171.7545207604563, 158.63445990722332, 151.71185860670644, 189.6385210436607, 171.65443140335648, 0.1932755200846443, 0.1317149154736012, 0.19544341850169228, 0.13145032286730204, 8.50412288372435, 5.795456280838453, 8.59951041407446, 5.783814206161289
EAST005, Eastern Shawnee - Indigo Sky Casino, 2015-6, 2015-6, 45, 47, 2, 0.044444444444444446, 0.19034722222222222, 0.18950132304362222, 0.17229166666666668, 0.23735063871261936, 1419510.4174012002, 187.49312077680625, 169.6841205476027, 1540870.2128744898, 178.96285863815214, 174.45446589748548, 190.18425571258751, 173.7575426109497, 187.26979790940766, 181.8823724983194, -0.04549640063225904, 0.02811309234174635, -0.015324390508877236, 0.04675958099592553, -1.0236690142258285, 0.6325445776892928, -0.34479878644973777, 1.0520905724083245
EAST005, Eastern Shawnee - Indigo Sky Casino, 2016-2, 2016-2, 53, 77, 24, 0.4528301886792453, 0.170625, 0.2323526977286856, 0.13979166666666668, 0.16364924278234746, 1576913.4593320899, 179.3781662304732, 173.93117921138094, 2098382.7191787097, 160.74633975629766, 149.63807912819289, 183.71675349789558, 179.2561640769116, 151.41443388999542, 140.56413182087599, -0.10386897617314543, -0.13967076054641311, -0.1758267495635349, -0.2158477085308733, -0.22937732238236283, -0.3084395962066623, -0.38828407195280623, -0.4766636896723452
FTSI001, Apache Casino Hotel, 2015-5, 2015-5, 48, 49, 1, 0.020833333333333332, 0.2217361111111111, 0.2649692225978224, 0.21291666666666667, 0.3211759815009257, 2191045.916904, 257.2858051789573, 244.37432087686705, 2167543.725281, 247.38001886338736, 247.04642054953206, 248.3818377172382, 237.30551112213482, 240.4973727459484, 239.15765599885873, -0.03850109922962855, 0.010934453600022093, -0.0317433232789975, 0.007804896177782667, -1.8480527630221704, 0.5248537728010605, -1.5236795173918802, 0.374635016533568
KAWN001, Kaw Nation Bingo, 2014-3, 2014-3, 23, 25, 2, 0.08695652173913043, 0.06993055555555555, 0.08036803024665773, 0.07305555555555555, 0.08402308671720532, 281978.7163091, 66.78794796520606, 62.36069282394598, 278362.6392643, 70.56087180337136, 65.67485260441065, 70.59047844623402, 65.54177310237091, 70.37769328263624, 63.75371737148542, 0.056491087885060416, 0.053145012192553034, -0.003014360693982859, -0.027281162016973382, 0.6496475106781948, 0.6111676402143599, -0.03466514798080288, -0.3137333631951939
KICK002, Kickapoo of Texas- Lucky Eagle, 2015-5, 2015-6, 143, 150, 7, 0.04895104895104895, 0.15347222222222223, 0.14861319151063096, 0.14180555555555555, 0.17926102768677396, 4981566.414187, 194.56203773578346, 175.97243885299173, 4947311.028381, 183.34918387062226, 176.24887890038173, 195.35468950164037, 175.26522043852523, 181.61264499870288, 174.7306891731831, -0.05763125219930281, 0.0015709280907388926, -0.07034407281439793, -0.003049842199180796, -1.1773241520714717, 0.0320918167108088, -1.4370289160655578, -0.06230391921183626
KIOW002, Kiowa Verden Casino, 2014-9, 2014-11, 9, 10, 1, 0.1111111111111111, 0.096875, 0.12480159123573355, 0.08409722222222223, 0.10051567142862447, 132445.26134568, 97.31466667573842, 93.04386311617928, 125706.1819322, 84.02819647874331, 80.05577321387032, 97.9300220426157, 90.98957735390154, 93.38472593582887, 93.8896883878944, -0.13653101480855784, -0.13959104305558948, -0.04641371473202449, 0.03187300258262496, -1.2287791332770206, -1.2563193875003054, -0.4177234325882204, 0.28685702324362466
LAJEN01, Choctaw Pines Casino, 2014-10, 2014-10, 8, 12, 4, 0.5, 0.28583333333333333, 0.42134587002596013, 0.32458333333333333, 0.3972596896847792, 476669.65917859995, 298.478183580839, 297.36094385954914, 532230.4675458, 330.9890967324627, 317.52491322879354, 280.2840450845335, 282.10081293606765, 324.96118781094526, 309.2776363546642, 0.10892224269657058, 0.06780974363186154, 0.1593995216992718, 0.0963372743798353, 0.21784448539314116, 0.13561948726372308, 0.3187990433985436, 0.1926745487596706
OSAG002, Osage Casino - Sand Springs, 2015-4, 2015-4, 26, 31, 5, 0.19230769230769232, 0.19645833333333335, 0.2617129018701163, 0.22208333333333333, 0.331473185907838, 1161344.0443308998, 242.35059355820113, 235.4466547884599, 1559598.3922084998, 290.6445009706485, 289.51525023574357, 245.90382929883137, 234.22256083503757, 292.5696254193067, 295.6804924651081, 0.19927290749898435, 0.22964265725440985, 0.1897725474773528, 0.26239116936884327, 1.0362191189947185, 1.1941418177229313, 0.9868172468822346, 1.3644340807179849
OSAG004, Osage Casino - Tulsa, 2015-7, 2015-9, 72, 93, 3, 0.041666666666666664, 0.18805555555555556, 0.2236762687008608, 0.1897222222222222, 0.2522269293645292, 2915631.184613, 223.52278324233365, 211.92064461668198, 3940774.5013133003, 249.76388016943216, 243.0406211081189, 217.58510272922416, 206.1620193049678, 253.7168183546711, 245.43496788801497, 0.11739786229598376, 0.14684730950930305, 0.16605785585611246, 0.19049555643395283, 2.81754869510361, 3.5243354282232735, 3.9853885405466993, 4.571893354414868
OSAG008, Osage Casino - Skiatook, 2015-4, 2015-4, 21, 24, 3, 0.14285714285714285, 0.1854861111111111, 0.23346548446348625, 0.17354166666666668, 0.2523163202284616, 905140.1399188, 236.82368914672946, 225.96433410227627, 1179553.9671934599, 236.19422651050456, 232.9725592025811, 237.6067451596023, 229.42522637681844, 222.45115738886665, 214.4633440634782, -0.0026579378038271446, 0.031014740127673225, -0.06378433306072824, -0.06521463463118121, -0.018605564626790014, 0.21710318089371258, -0.4464903314250977, -0.4565024424182685
OSAG008, Osage Casino - Skiatook, 2015-8, 2015-8, 30, 31, 1, 0.03333333333333333, 0.18895833333333334, 0.2232559363857033, 0.17083333333333334, 0.24449793229794547, 1010120.0501790601, 244.52191967539582, 230.83015240759863, 1336543.1378392, 242.17125164689256, 240.2014090563689, 236.54724279835392, 224.9119782186759, 225.25160355136802, 219.5832015139645, -0.009613322321466267, 0.04059806117626503, -0.04775214926776777, -0.023692720800892048, -0.288399669643988, 1.217941835287951, -1.432564478033033, -0.7107816240267615
OSAG009, Osage Casino - Ponca City, 2015-4, 2015-4, 21, 26, 5, 0.23809523809523808, 0.2192361111111111, 0.2830191702124004, 0.16256944444444443, 0.23042012442341045, 1078427.4320979, 278.2320516248452, 268.3709363188596, 1200991.8681965, 214.2332979301641, 210.30682393110953, 278.8650748194015, 269.13969881839523, 222.56617731002498, 221.5740531554049, -0.2300193429223387, -0.2163576771173252, -0.20188579565166703, -0.1767321798746819, -0.9660812402738226, -0.9087022438927659, -0.8479203417370016, -0.7422751554736641
OSAG009, Osage Casino - Ponca City, 2015-8, 2015-9, 26, 38, 2, 0.07692307692307693, 0.20423611111111112, 0.2420897978219374, 0.14368055555555556, 0.18376330022604825, 1120348.6812113, 260.48562688009764, 247.1370267829807, 1292877.0734456, 194.03828207197958, 186.75469930573314, 265.8101371774006, 252.55253366823996, 194.0874561008555, 188.23619024316673, -0.25509025432218563, -0.24432732020471912, -0.2698267336157976, -0.2546652076338342, -3.316173306188413, -3.176255162661348, -3.507747537005369, -3.3106476992398446
OTTA001, Ottawa-High Winds Casino, 2014-2, 2014-2, 32, 34, 2, 0.0625, 0.09090277777777778, 0.11770370181163103, 0.10097222222222223, 0.10662969373550205, 572067.9601336999, 98.32725337464764, 93.75247670611894, 697204.4622916001, 110.77287294115031, 100.33224918496983, 98.14884840151255, 94.65037675658301, 112.78408007626311, 101.59703317890053, 0.12657344875771345, 0.07018238568220611, 0.14911261734707237, 0.07339280265288929, 2.0251751801234152, 1.1229181709152978, 2.385801877553158, 1.1742848424462287
OTTA001, Ottawa-High Winds Casino, 2014-5, 2014-5, 34, 38, 4, 0.11764705882352941, 0.09222222222222222, 0.09506471235120237, 0.09965277777777778, 0.12201914279332142, 584632.3060369, 100.1425669813121, 90.79860778466941, 687451.4244803, 109.2059451120413, 102.25009445760126, 110.91640972935937, 101.56855621426858, 104.25814138204925, 94.73165712516283, 0.09050475141525531, 0.12611962839881052, -0.06002960575046178, -0.06731314635095004, 0.7692903870296701, 1.0720168413898894, -0.5102516488789252, -0.5721617439830753
PAWN002, Pawnee Tribe - Tee Pee Casino, 2015-8, 2015-8, 3, 5, 2, 0.6666666666666666, 0.2941666666666667, 0.40462937221020057, 0.18041666666666667, 0.30922611331235444, 172302.13079789997, 317.3151580071823, 315.11659354861877, 152840.0294521, 188.45872928742293, 196.0868076762022, 252.04604051565377, 240.2708401782136, 176.99876695437732, 187.0450050547472, -0.4060834330418049, -0.37773252284809206, -0.2977522416449764, -0.22152432265183636, -0.6091251495627074, -0.5665987842721382, -0.44662836246746457, -0.33228648397775457
PEOR002, Peoria Gaming - Buffalo Run, 2014-6, 2014-6, 53, 55, 2, 0.03773584905660377, 0.10736111111111112, 0.1056048309503197, 0.03145833333333333, 0.03834019059471049, 1325378.2261700998, 135.58856533709462, 121.77753898118671, 209525.285072382, 39.83370438638441, 38.189181138996005, 129.8925831202046, 116.69722554849103, 36.417110266159696, 34.62600357035969, -0.7062163443698108, -0.6864020946843423, -0.7196367229647074, -0.7032834036318062, -18.714733125799988, -18.189655509135072, -19.070373158564745, -18.637010196242866
PEOR002, Peoria Gaming - Buffalo Run, 2015-4, 2015-5, 48, 58, 10, 0.20833333333333334, 0.0, 0.0, 0.0, 0.0, 0.0, 0.0, 0.0, 0.0, 0.0, 0.0, 0.0, 0.0, 0.0, 0.0, 0, 0, 0, 0, 0, 0, 0, 0
POTA001, Citizen Potawatomi - Firelake Entertainment Center, 2015-12, 2015-12, 13, 14, 1, 0.07692307692307693, 0.13625, 0.2139265366364355, 0.13798611111111111, 0.1615037168017383, 327420.3877986, 137.05332264487234, 138.17734695705317, 325843.47732556995, 137.77736884802113, 129.8307466402495, 133.54039347007117, 133.5917841027794, 151.07653276955602, 138.89333034811418, 0.005282952570401453, -0.060404983165568304, 0.1313171156966452, 0.03968467283329347, 0.06867838341521888, -0.785264781152388, 1.7071225040563875, 0.5159007468328152
QUAP001, Quapaw Casino, 2014-9, 2014-9, 21, 22, 1, 0.047619047619047616, 0.12493055555555556, 0.14916030277061598, 0.11631944444444445, 0.1349380956215139, 459313.50653689995, 117.83312122547459, 110.93697969155978, 441968.32727239997, 110.381700117982, 103.31832395781719, 102.87942534633146, 92.63197767234479, 120.55244755244755, 107.38559040799198, -0.06323706806708639, -0.06867552870940685, 0.17178383478156045, 0.15927127009889885, -1.3279784294088142, -1.442186102897544, 3.60746053041277, 3.3446966720768763
QUAP002, Quapaw Downstream Casino, 2015-9, 2015-9, 86, 92, 6, 0.06976744186046512, 0.22493055555555555, 0.26861254572008225, 0.22152777777777777, 0.264595993271263, 3710643.6268777, 270.5734014056949, 255.30384697405574, 4265177.4667613, 275.49266675890067, 259.97805167842654, 262.2201152107336, 248.00770027863493, 277.30393618395556, 262.2185631154114, 0.018180890389258526, 0.0183083990302966, 0.057523508297980266, 0.057300087137660216, 0.2605927622460389, 0.26242038610091795, 0.8245036189377172, 0.8213012489731297
SACF001, Sac and Fox Black Hawk, 2016-2, 2016-2, 41, 51, 10, 0.24390243902439024, 0.07659722222222222, 0.11667565427173374, 0.058194444444444444, 0.06992368870475331, 641730.24210412, 86.94353639129115, 86.45157951176263, 647273.44005475, 69.30122484526231, 65.01742778941328, 87.94540035225579, 85.84116004978593, 72.2267505353319, 65.15824523119916, -0.20291688466212435, -0.24793244777480344, -0.1787319149604702, -0.24094402739421444, -0.8319592271147098, -1.0165230358766941, -0.7328008513379278, -0.9878705123162792
SACF002, Sac & Fox Casino - Stroud, 2015-3, 2015-3, 17, 20, 3, 0.17647058823529413, 0.05736111111111111, 0.07901909187084792, 0.053125, 0.07403991733568573, 160325.68601802998, 58.13114068819071, 56.81888363797317, 165591.98203488, 52.719510358127984, 51.569529593670815, 40.21138506163887, 41.802165783063806, 62.71205666985036, 59.82714073548551, -0.09309348252927188, -0.09238749000682779, 0.559559726025872, 0.4311971548547023, -0.5275297343325406, -0.5235291100386907, 3.1708384474799414, 2.4434505441766463
SEMI003, Seminole - Wewoka Trading Post, 2014-6, 2014-11, 6, 12, 6, 1.0, 0.1384027777777778, 0.17252540489221485, 0.09590277777777778, 0.11445402419611295, 150293.67744234, 137.63157274939562, 132.673697523663, 201206.46999416, 95.53963437519468, 90.58671383795345, 91.8003663003663, 94.98059249648352, 81.17663817663818, 75.35448099789649, -0.3058305411567403, -0.3172217588810558, -0.11572642410780595, -0.20663286027946873, -0.3058305411567403, -0.3172217588810558, -0.11572642410780595, -0.20663286027946873
SEMI004, Seminole Nation Casino, 2014-8, 2014-8, 30, 31, 1, 0.03333333333333333, 0.09027777777777778, 0.10972164723182035, 0.07895833333333334, 0.1122535793598533, 463136.6965649, 90.1570365125365, 86.23931375039906, 430074.0926913, 78.366270534129, 77.32865894447887, 81.91493089351762, 76.2456051635585, 79.03753644314868, 78.83280785071064, -0.1307803188136953, -0.1033247415640405, -0.03512661756510916, 0.03393248281789091, -3.9234095644108593, -3.099742246921215, -1.0537985269532748, 1.0179744845367273
SEMI004, Seminole Nation Casino, 2015-12, 2015-12, 31, 38, 7, 0.22580645161290322, 0.07611111111111112, 0.1173883984830096, 0.07326388888888889, 0.08454577603318321, 417943.02295690007, 75.75548721350373, 76.08935840634402, 387748.2983356, 72.76192500198911, 68.31211853190092, 72.04404567699837, 69.47006093244516, 69.71953649840495, 67.17790495932633, -0.039516110603021765, -0.10221192604765955, -0.03226511166537066, -0.0329948749483292, -0.1749999183848107, -0.4526528153539209, -0.14288835166092723, -0.1461201604854579
SENE001, Seneca Cayuga-Grand Lake Casino, 2014-9, 2014-12, 42, 45, 3, 0.07142857142857142, 0.11645833333333333, 0.13709223742101548, 0.11, 0.12427925733477622, 884831.4585033001, 114.67489094132972, 107.43283043491446, 855127.3378639, 109.00284740138942, 101.72300602706183, 127.07089165370658, 120.33530950141264, 117.37501593371574, 107.8926018354111, -0.04946194841242318, -0.05314785419631844, -0.07630288568694414, -0.1034003046782829, -0.6924672777739245, -0.7440699587484583, -1.068240399617218, -1.4476042654959607
SENE001, Seneca Cayuga-Grand Lake Casino, 2015-4, 2015-4, 45, 46, 1, 0.022222222222222223, 0.11090277777777778, 0.1376789832235223, 0.10145833333333333, 0.13558286884936266, 877571.0264456, 109.8199257221374, 104.54405152965838, 792369.6224750001, 101.50776613822701, 98.37143604112222, 112.65423601551745, 106.80096657896382, 109.41096592364848, 102.91741683241096, -0.07568899295143876, -0.0590432013894643, -0.028789597325237178, -0.03636249624839807, -3.406004682814744, -2.656944062525893, -1.295531879635673, -1.6363123311779129
SENE001, Seneca Cayuga-Grand Lake Casino, 2015-11, 2015-11, 46, 54, 8, 0.17391304347826086, 0.10145833333333333, 0.13558286884936266, 0.0920138888888889, 0.09887318423093086, 792369.6224750001, 101.50776613822701, 98.37143604112222, 1005496.32029899, 99.74172406497271, 92.05350886926196, 109.41096592364848, 102.91741683241096, 108.94938002182323, 100.07294594178751, -0.017398098100685325, -0.06422522051237697, -0.004218826677276196, -0.027638382094794946, -0.10003906407894063, -0.3692950179461676, -0.02425825339433813, -0.15892069704507095
THLO001, Thlopthlocco-Golden Pony, 2014-7, 2014-7, 21, 22, 1, 0.047619047619047616, 0.10715277777777778, 0.12125435965159367, 0.09958333333333333, 0.1409409905911098, 434718.96573622996, 114.03960276396379, 106.45477719421825, 405940.89039750997, 108.07797933906016, 106.17487842857827, 120.16894018887723, 112.23603925261541, 103.38205537806176, 101.772941619787, -0.052276781753114614, -0.0026292738852793005, -0.13969404061008145, -0.09322404552497239, -1.0978124168154069, -0.055214751590865314, -2.9335748528117107, -1.9577049560244204
THLO001, Thlopthlocco-Golden Pony, 2015-8, 2015-8, 19, 20, 1, 0.05263157894736842, 0.08402777777777778, 0.10960064895608572, 0.10458333333333333, 0.1479646966528711, 317917.90073288, 90.49755215851978, 87.58081836050386, 329114.48000814, 113.40953825228807, 111.98818521126807, 90.23370338741816, 84.46149763889552, 94.07408683666436, 95.82569004963301, 0.2531779650087615, 0.27868393225440746, 0.04256041041291997, 0.13454879120571198, 4.810381335166468, 5.294994712833742, 0.8086477978454795, 2.5564270329085277
TONK001, Tonkawa Indian Casino, 2014-5, 2014-5, 15, 16, 1, 0.06666666666666667, 0.08611111111111111, 0.10485120184733186, 0.06, 0.08905895938949131, 326710.2341145, 112.11744478877831, 106.97706886575153, 226890.63222552, 77.48997002237705, 77.15499319411202, 116.86616334934797, 111.36071389227865, 68.84972677595628, 68.90041356708674, -0.3088500173334942, -0.27877073084759924, -0.41086688565154805, -0.38128617212587707, -4.632750260002413, -4.181560962713989, -6.163003284773221, -5.719292581888156
TONK002, Tonkawa - Native Lights Casino, 2014-5, 2014-5, 25, 27, 2, 0.08, 0.12215277777777778, 0.12986451923643763, 0.09784722222222222, 0.13106216524900374, 713389.0486625999, 152.4661356406497, 139.5248650270998, 616047.1530575, 123.43160750500903, 118.82430514850732, 156.1060055567429, 142.32077098880228, 124.39390903626527, 114.48329048009218, -0.1904326361630408, -0.14836466514102573, -0.20314462859630736, -0.1955967517271273, -2.3804079520380097, -1.8545583142628215, -2.539307857453842, -2.4449593965890912
TONK002, Tonkawa - Native Lights Casino, 2014-9, 2014-9, 27, 32, 5, 0.18518518518518517, 0.11798611111111111, 0.13034342211787034, 0.10027777777777777, 0.12069307075193632, 690538.972892, 147.3306961578835, 135.49563716767653, 661597.8125177999, 126.5247298752725, 119.08835808607762, 160.61318540644336, 144.46507993825475, 116.8657487091222, 106.33033635967107, -0.14121949346058046, -0.12109082937699923, -0.27237761698465224, -0.26397205189574324, -0.7625852646871345, -0.6538904786357959, -1.470839131717122, -1.4254490802370137
WICH001, Sugar Creek Casino, 2014-12, 2014-12, 26, 28, 2, 0.07692307692307693, 0.11305555555555556, 0.16733565441244436, 0.119375, 0.1386664403243063, 519599.1529367, 113.15312563952526, 112.100611193358, 575752.7983049001, 120.3245137523302, 113.0581255462487, 92.59146341463415, 94.50864251317074, 122.6367816091954, 114.96049292794567, 0.06337772882784536, 0.008541562286748985, 0.3244933937377705, 0.21640190643860693, 0.8239104747619895, 0.11104030972773679, 4.218414118591016, 2.81322478370189
WYAN002, Wyandotte Nation Casino, 2014-2, 2014-5, 16, 28, 12, 0.75, 0.09340277777777778, 0.12824005737754318, 0.0757638888888889, 0.10466627917334424, 385892.66340320004, 97.86778174060362, 95.26162547900076, 472331.6987734, 81.39439923718766, 79.00078294444253, 100.526502662947, 98.55438810958661, 81.16594864725143, 81.37822425733242, -0.1683228352623573, -0.17069667300756614, -0.19259154056725844, -0.1742810663402965, -0.2244304470164764, -0.22759556401008818, -0.25678872075634457, -0.23237475512039532
WYAN002, Wyandotte Nation Casino, 2014-8, 2015-7, 28, 52, 24, 0.8571428571428571, 0.08527777777777777, 0.08896526364087817, 0.06125, 0.08351887228047981, 351937.80870449997, 91.3175424765179, 83.39978592459782, 658098.108737, 68.11904655180624, 66.30599069764102, 85.48780487804878, 77.73565734281526, 70.19555636062519, 67.89962374017388, -0.2540420525517001, -0.2049620995719508, -0.17888222231508333, -0.12653181228357463, -0.2963823946436501, -0.2391224495006093, -0.2086959260342639, -0.1476204476641704
WYAN002, Wyandotte Nation Casino, 2016-1, 2016-4, 58, 91, 33, 0.5689655172413793, 0.06479166666666666, 0.08959708383398698, 0.057916666666666665, 0.07617829755949149, 655208.79224849, 71.70940048686549, 70.19830685884097, 969786.0357291499, 64.21148352838178, 61.67480394566378, 74.80447849403524, 73.01903190897669, 41.94285373766802, 39.34696339819691, -0.1045597495945745, -0.12142034893116099, -0.4393002319906226, -0.4611409879105814, -0.18377168110561576, -0.2134054617577981, -0.7721034380441246, -0.8104902211761733